[
    {
        "model": "auth.user",
        "pk": 1,
        "fields": {
            "password": "pbkdf2_sha256$600000$6tLJvJj612vn3Fe0mmtYlt$XoEuJEYD9APD4xknjYk/h8YCLfgRJKIHxx9yGjH3T3s=",
            "last_login": null,
            "is_superuser": true,
            "username": "admin",
            "first_name": "",
            "last_name": "",
            "email": "",
            "is_staff": true,
            "is_active": true,
            "date_joined": "2025-11-27T18:20:56.878Z",
            "groups": [],
            "user_permissions": []
        }
    },
    {
        "model": "auth.user",
        "pk": 2,
        "fields": {
            "password": "pbkdf2_sha256$600000$HQk0saJAYixuxw3gDL7R0c$iQdRbHABGBB4OmtOKE0mnosOsX21Uc+RhMdfbHGWno4=",
            "last_login": null,
            "is_superuser": false,
            "username": "Edie",
            "first_name": "",
            "last_name": "",
            "email": "",
            "is_staff": false,
            "is_active": true,
            "date_joined": "2025-11-27T18:22:38.824Z",
            "groups": [],
            "user_permissions": []
        }
    },
    {
        "model": "auth.user",
        "pk": 3,
        "fields": {
            "password": "pbkdf2_sha256$600000$NNS8FOof9aDDYV7vuTw6ya$wW+PVv8zYlPS7lzd8OJg6ijzxrfKLN+k2DfxKDpirq4=",
            "last_login": null,
            "is_superuser": false,
            "username": "Elliot",
            "first_name": "",
            "last_name": "",
            "email": "",
            "is_staff": false,
            "is_active": true,
            "date_joined": "2025-11-27T18:22:39.164Z",
            "groups": [],
            "user_permissions": []
        }
    },
    {
        "model": "auth.user",
        "pk": 4,
        "fields": {
            "password": "pbkdf2_sha256$600000$tVZMsfii6WrEE9br4Ne1Jc$sAmAFUOl2bkWSgo9VoD2fbJxWtbNJ1X5yzxtmKyQZXo=",
            "last_login": null,
            "is_superuser": false,
            "username": "Matthew",
            "first_name": "",
            "last_name": "",
            "email": "",
            "is_staff": false,
            "is_active": true,
            "date_joined": "2025-11-27T18:22:39.499Z",
            "groups": [],
            "user_permissions": []
        }
    },
    {
        "model": "api.sessionattendee",
        "pk": 1,
        "fields": {
            "session": 9,
            "user": 2,
            "attended": true
        }
    },
    {
        "model": "api.sessionattendee",
        "pk": 2,
        "fields": {
            "session": 11,
            "user": 4,
            "attended": true
        }
    },
    {
        "model": "api.sessionattendee",
        "pk": 3,
        "fields": {
            "session": 3,
            "user": 2,
            "attended": true
        }
    },
    {
        "model": "api.sessionattendee",
        "pk": 4,
        "fields": {
            "session": 1,
            "user": 4,
            "attended": true
        }
    },
    {
        "model": "api.sessionattendee",
        "pk": 5,
        "fields": {
            "session": 15,
            "user": 3,
            "attended": true
        }
    },
    {
        "model": "api.sessionattendee",
        "pk": 6,
        "fields": {
            "session": 13,
            "user": 4,
            "attended": true
        }
    },
    {
        "model": "api.sessionattendee",
        "pk": 7,
        "fields": {
            "session": 4,
            "user": 3,
            "attended": true
        }
    },
    {
        "model": "api.sessionattendee",
        "pk": 8,
        "fields": {
            "session": 7,
            "user": 2,
            "attended": true
        }
    },
    {
        "model": "api.sessionattendee",
        "pk": 9,
        "fields": {
            "session": 4,
            "user": 2,
            "attended": true
        }
    },
    {
        "model": "api.sessionattendee",
        "pk": 10,
        "fields": {
            "session": 6,
            "user": 3,
            "attended": true
        }
    },
    {
        "model": "api.sessionattendee",
        "pk": 11,
        "fields": {
            "session": 9,
            "user": 3,
            "attended": true
        }
    },
    {
        "model": "api.sessionattendee",
        "pk": 12,
        "fields": {
            "session": 10,
            "user": 3,
            "attended": true
        }
    },
    {
        "model": "api.sessionattendee",
        "pk": 13,
        "fields": {
            "session": 13,
            "user": 3,
            "attended": true
        }
    },
    {
        "model": "api.sessionattendee",
        "pk": 14,
        "fields": {
            "session": 6,
            "user": 2,
            "attended": true
        }
    },
    {
        "model": "api.sessionattendee",
        "pk": 15,
        "fields": {
            "session": 6,
            "user": 4,
            "attended": true
        }
    },
    {
        "model": "api.sessionattendee",
        "pk": 16,
        "fields": {
            "session": 2,
            "user": 4,
            "attended": true
        }
    },
    {
        "model": "api.sessionattendee",
        "pk": 17,
        "fields": {
            "session": 7,
            "user": 4,
            "attended": true
        }
    },
    {
        "model": "api.sessionattendee",
        "pk": 18,
        "fields": {
            "session": 5,
            "user": 2,
            "attended": true
        }
    },
    {
        "model": "api.sessionattendee",
        "pk": 19,
        "fields": {
            "session": 14,
            "user": 4,
            "attended": true
        }
    },
    {
        "model": "api.sessionattendee",
        "pk": 20,
        "fields": {
            "session": 14,
            "user": 2,
            "attended": true
        }
    },
    {
        "model": "api.sessionattendee",
        "pk": 21,
        "fields": {
            "session": 10,
            "user": 2,
            "attended": true
        }
    },
    {
        "model": "api.sessionattendee",
        "pk": 22,
        "fields": {
            "session": 12,
            "user": 4,
            "attended": true
        }
    },
    {
        "model": "api.sessionattendee",
        "pk": 23,
        "fields": {
            "session": 5,
            "user": 4,
            "attended": true
        }
    },
    {
        "model": "api.sessionattendee",
        "pk": 24,
        "fields": {
            "session": 15,
            "user": 4,
            "attended": true
        }
    },
    {
        "model": "api.sessionattendee",
        "pk": 25,
        "fields": {
            "session": 2,
            "user": 2,
            "attended": true
        }
    },
    {
        "model": "api.sessionattendee",
        "pk": 26,
        "fields": {
            "session": 12,
            "user": 2,
            "attended": true
        }
    },
    {
        "model": "api.sessionattendee",
        "pk": 27,
        "fields": {
            "session": 3,
            "user": 4,
            "attended": true
        }
    },
    {
        "model": "api.sessionattendee",
        "pk": 28,
        "fields": {
            "session": 1,
            "user": 2,
            "attended": true
        }
    },
    {
        "model": "api.sessionattendee",
        "pk": 29,
        "fields": {
            "session": 7,
            "user": 3,
            "attended": true
        }
    },
    {
        "model": "api.sessionattendee",
        "pk": 30,
        "fields": {
            "session": 11,
            "user": 3,
            "attended": true
        }
    },
    {
        "model": "api.session",
        "pk": 1,
        "fields": {
            "activity_type": "cardio",
            "trainer": 1,
            "date": "2025-11-26",
            "time": "09:00:00",
            "capacity": 10
        }
    },
    {
        "model": "api.session",
        "pk": 2,
        "fields": {
            "activity_type": "weights",
            "trainer": 1,
            "date": "2025-11-25",
            "time": "11:00:00",
            "capacity": 10
        }
    },
    {
        "model": "api.session",
        "pk": 3,
        "fields": {
            "activity_type": "yoga",
            "trainer": 1,
            "date": "2025-11-24",
            "time": "14:00:00",
            "capacity": 10
        }
    },
    {
        "model": "api.session",
        "pk": 4,
        "fields": {
            "activity_type": "hiit",
            "trainer": 1,
            "date": "2025-11-23",
            "time": "17:00:00",
            "capacity": 10
        }
    },
    {
        "model": "api.session",
        "pk": 5,
        "fields": {
            "activity_type": "pilates",
            "trainer": 1,
            "date": "2025-11-22",
            "time": "19:00:00",
            "capacity": 10
        }
    },
    {
        "model": "api.session",
        "pk": 6,
        "fields": {
            "activity_type": "cardio",
            "trainer": 1,
            "date": "2025-11-28",
            "time": "09:00:00",
            "capacity": 10
        }
    },
    {
        "model": "api.session",
        "pk": 7,
        "fields": {
            "activity_type": "weights",
            "trainer": 1,
            "date": "2025-11-29",
            "time": "11:00:00",
            "capacity": 10
        }
    },
    {
        "model": "api.session",
        "pk": 8,
        "fields": {
            "activity_type": "yoga",
            "trainer": 1,
            "date": "2025-11-30",
            "time": "14:00:00",
            "capacity": 10
        }
    },
    {
        "model": "api.session",
        "pk": 9,
        "fields": {
            "activity_type": "hiit",
            "trainer": 1,
            "date": "2025-12-01",
            "time": "17:00:00",
            "capacity": 10
        }
    },
    {
        "model": "api.session",
        "pk": 10,
        "fields": {
            "activity_type": "pilates",
            "trainer": 1,
            "date": "2025-12-02",
            "time": "19:00:00",
            "capacity": 10
        }
    },
    {
        "model": "api.session",
        "pk": 11,
        "fields": {
            "activity_type": "cardio",
            "trainer": 1,
            "date": "2025-12-03",
            "time": "09:00:00",
            "capacity": 10
        }
    },
    {
        "model": "api.session",
        "pk": 12,
        "fields": {
            "activity_type": "weights",
            "trainer": 1,
            "date": "2025-12-04",
            "time": "11:00:00",
            "capacity": 10
        }
    },
    {
        "model": "api.session",
        "pk": 13,
        "fields": {
            "activity_type": "yoga",
            "trainer": 1,
            "date": "2025-12-05",
            "time": "14:00:00",
            "capacity": 10
        }
    },
    {
        "model": "api.session",
        "pk": 14,
        "fields": {
            "activity_type": "hiit",
            "trainer": 1,
            "date": "2025-12-06",
            "time": "17:00:00",
            "capacity": 10
        }
    },
    {
        "model": "api.session",
        "pk": 15,
        "fields": {
            "activity_type": "pilates",
            "trainer": 1,
            "date": "2025-12-07",
            "time": "19:00:00",
            "capacity": 10
        }
    }
]